asset.display_ipv4_address,asset.name,asset_id,definition.family,definition.id,definition.name,definition.vpr.score,finding_id,first_observed,last_seen,severity,state
136.143.191.172,shieldsec.zohodesk.com,da0d0e59-02e2-4109-9c7d-995a9f2f1301,HTTP Security Header,98618,HTTP Header Information Disclosure,2.9,00e695e7-f993-5945-8878-8cba49de4df7,2024-12-11T18:09:55.191Z,2026-05-19T01:00:53.372Z,Low,RESURFACED
172.67.146.18,portal.shieldsec.com.br,a58e651c-3f59-43d1-bad7-c5955fceb307,HTTP Security Header,112529,Missing 'X-Content-Type-Options' Header,2.9,015e3848-fe96-50b9-96da-bad5d5adac3b,2026-05-19T01:00:19.805Z,2026-05-19T01:00:19.805Z,Low,NEW
172.67.146.18,portal.shieldsec.com.br,a58e651c-3f59-43d1-bad7-c5955fceb307,HTTP Security Header,112553,Missing 'Cache-Control' Header,1.4,01684c28-1fe1-53cb-a5b2-dab3f9c01e6a,2026-03-17T01:00:12.423Z,2026-05-19T01:00:19.805Z,Low,ACTIVE
172.67.146.18,portal.shieldsec.com.br,a58e651c-3f59-43d1-bad7-c5955fceb307,HTTP Security Header,112529,Missing 'X-Content-Type-Options' Header,2.9,0265165d-9a0f-5b97-b5eb-d68dd47b75d0,2026-05-19T01:00:19.805Z,2026-05-19T01:00:19.805Z,Low,NEW
172.67.146.18,portal.shieldsec.com.br,a58e651c-3f59-43d1-bad7-c5955fceb307,HTTP Security Header,112553,Missing 'Cache-Control' Header,1.4,052c671e-a684-5cea-91b3-f5647386153b,2026-05-19T01:00:19.805Z,2026-05-19T01:00:19.805Z,Low,NEW
136.143.191.172,shieldsec.zohodesk.com,da0d0e59-02e2-4109-9c7d-995a9f2f1301,HTTP Security Header,98060,Missing 'X-Frame-Options' Header,2.15,052e14a2-306f-5787-80db-7b592e45e50f,2026-03-17T01:00:47.027Z,2026-05-19T01:00:53.372Z,Low,RESURFACED
136.143.191.172,shieldsec.zohodesk.com,da0d0e59-02e2-4109-9c7d-995a9f2f1301,HTTP Security Header,98618,HTTP Header Information Disclosure,2.9,06ac73e7-b548-53ae-b0aa-13025facfd79,2025-08-14T01:41:10.934Z,2026-05-19T01:00:53.372Z,Low,ACTIVE
136.143.191.172,shieldsec.zohodesk.com,da0d0e59-02e2-4109-9c7d-995a9f2f1301,HTTP Security Header,112553,Missing 'Cache-Control' Header,1.4,0745c209-9c64-5192-9d77-25f6fef11958,2025-10-09T04:43:02.732Z,2026-05-19T01:00:53.372Z,Low,RESURFACED
136.143.191.172,shieldsec.zohodesk.com,da0d0e59-02e2-4109-9c7d-995a9f2f1301,HTTP Security Header,98618,HTTP Header Information Disclosure,2.9,075ee47d-b2b4-58de-b214-b2caddac0b4d,2024-12-12T04:55:16.409Z,2026-05-19T01:00:53.372Z,Low,RESURFACED
136.143.191.172,shieldsec.zohodesk.com,da0d0e59-02e2-4109-9c7d-995a9f2f1301,HTTP Security Header,112553,Missing 'Cache-Control' Header,1.4,0833425c-f700-51e1-ab27-522c5acab422,2025-05-29T01:45:47.709Z,2026-05-19T01:00:53.372Z,Low,RESURFACED
172.67.146.18,portal.shieldsec.com.br,a58e651c-3f59-43d1-bad7-c5955fceb307,HTTP Security Header,112554,Permissive Content Security Policy Detected,2.15,0965cf58-fafb-5fa5-9be0-bedf4582397d,2026-05-19T01:00:19.805Z,2026-05-19T01:00:19.805Z,Low,NEW
172.67.146.18,portal.shieldsec.com.br,a58e651c-3f59-43d1-bad7-c5955fceb307,HTTP Security Header,114796,Content Security Policy Missing 'Report-To',2.15,0a4dbc9e-217f-5973-b23a-606d4356272f,2026-05-19T01:00:19.805Z,2026-05-19T01:00:19.805Z,Low,NEW
89.117.7.156,www.shieldsec.com.br,81b1ec98-68e8-433f-8260-d9208540b3c0,HTTP Security Header,115540,Cookie Without SameSite Flag Detected,2.9,0ae65d6e-e8cc-576a-a7f0-276c2ca5d902,2026-03-19T01:00:18.964Z,2026-05-21T01:00:24.584Z,Low,ACTIVE
172.67.146.18,portal.shieldsec.com.br,a58e651c-3f59-43d1-bad7-c5955fceb307,HTTP Security Header,112529,Missing 'X-Content-Type-Options' Header,2.9,12549929-fd05-54e9-8d7c-4b5e7d2e971e,2026-05-19T01:00:19.805Z,2026-05-19T01:00:19.805Z,Low,NEW
136.143.191.172,shieldsec.zohodesk.com,da0d0e59-02e2-4109-9c7d-995a9f2f1301,HTTP Security Header,98618,HTTP Header Information Disclosure,2.9,12b2f61e-ffbd-5f8c-9911-78f24d8aeae1,2026-03-12T01:00:12.444Z,2026-05-19T01:00:53.372Z,Low,RESURFACED
136.143.191.172,shieldsec.zohodesk.com,da0d0e59-02e2-4109-9c7d-995a9f2f1301,HTTP Security Header,112554,Permissive Content Security Policy Detected,2.15,135e1095-52ff-599f-b281-d0a36b993f46,2025-06-03T04:02:15.756Z,2026-05-19T01:00:53.372Z,Low,RESURFACED
172.67.146.18,portal.shieldsec.com.br,a58e651c-3f59-43d1-bad7-c5955fceb307,HTTP Security Header,112553,Missing 'Cache-Control' Header,1.4,13f1ae3a-a69e-5dc7-b8d1-39e8acfc7028,2026-05-19T01:00:19.805Z,2026-05-19T01:00:19.805Z,Low,NEW
136.143.191.172,shieldsec.zohodesk.com,da0d0e59-02e2-4109-9c7d-995a9f2f1301,HTTP Security Header,114796,Content Security Policy Missing 'Report-To',2.15,143fdbac-092e-5721-86cd-4ca6cf21af25,2026-03-17T01:00:47.027Z,2026-05-19T01:00:53.372Z,Low,ACTIVE
172.67.146.18,portal.shieldsec.com.br,a58e651c-3f59-43d1-bad7-c5955fceb307,HTTP Security Header,112529,Missing 'X-Content-Type-Options' Header,2.9,168214b9-2ff6-58c2-b40c-fb37e53cf8a6,2026-05-19T01:00:19.805Z,2026-05-19T01:00:19.805Z,Low,NEW
172.67.146.18,portal.shieldsec.com.br,a58e651c-3f59-43d1-bad7-c5955fceb307,HTTP Security Header,114796,Content Security Policy Missing 'Report-To',2.15,17683498-5e21-577a-a101-24f428374a00,2026-05-19T01:00:19.805Z,2026-05-19T01:00:19.805Z,Low,NEW
136.143.191.172,shieldsec.zohodesk.com,da0d0e59-02e2-4109-9c7d-995a9f2f1301,HTTP Security Header,115540,Cookie Without SameSite Flag Detected,2.9,176d1b0a-2ee7-54e1-b53a-a0a5e423e640,2024-12-11T18:09:55.191Z,2026-05-19T01:00:53.372Z,Low,ACTIVE
172.67.146.18,portal.shieldsec.com.br,a58e651c-3f59-43d1-bad7-c5955fceb307,HTTP Security Header,112553,Missing 'Cache-Control' Header,1.4,17740f94-cc32-565e-9921-0658b407a476,2026-05-19T01:00:19.805Z,2026-05-19T01:00:19.805Z,Low,NEW
172.67.146.18,portal.shieldsec.com.br,a58e651c-3f59-43d1-bad7-c5955fceb307,HTTP Security Header,98618,HTTP Header Information Disclosure,2.9,17a9c043-0335-5dce-93ae-0db4fbb2fac0,2026-03-17T01:00:12.423Z,2026-05-19T01:00:19.805Z,Low,ACTIVE
136.143.191.172,shieldsec.zohodesk.com,da0d0e59-02e2-4109-9c7d-995a9f2f1301,HTTP Security Header,98618,HTTP Header Information Disclosure,2.9,17b2a646-d918-5884-98d1-7e7afc346062,2024-12-11T18:09:55.191Z,2026-05-19T01:00:53.372Z,Low,RESURFACED
136.143.191.172,shieldsec.zohodesk.com,da0d0e59-02e2-4109-9c7d-995a9f2f1301,HTTP Security Header,112554,Permissive Content Security Policy Detected,2.15,19bcac6a-8995-5842-85a6-74ae6d890715,2025-06-03T04:02:15.756Z,2026-05-19T01:00:53.372Z,Low,RESURFACED
136.143.191.172,shieldsec.zohodesk.com,da0d0e59-02e2-4109-9c7d-995a9f2f1301,HTTP Security Header,98618,HTTP Header Information Disclosure,2.9,19c88c4d-1449-5406-82c8-1abad6b4a67b,2024-12-11T18:09:55.191Z,2026-05-19T01:00:53.372Z,Low,RESURFACED
136.143.191.172,shieldsec.zohodesk.com,da0d0e59-02e2-4109-9c7d-995a9f2f1301,HTTP Security Header,115540,Cookie Without SameSite Flag Detected,2.9,1b321f48-e507-580f-a009-63f9aefe080c,2026-03-10T04:02:03.683Z,2026-05-19T01:00:53.372Z,Low,ACTIVE
136.143.191.172,shieldsec.zohodesk.com,da0d0e59-02e2-4109-9c7d-995a9f2f1301,HTTP Security Header,112551,Missing Content Security Policy,2.15,1bc8d4e2-5a9e-5a7f-b876-80b6111bba5c,2025-09-25T04:44:15.319Z,2026-05-19T01:00:53.372Z,Low,RESURFACED
136.143.191.172,shieldsec.zohodesk.com,da0d0e59-02e2-4109-9c7d-995a9f2f1301,HTTP Security Header,98618,HTTP Header Information Disclosure,2.9,1c730c17-23ba-5612-aacb-86bfd35068fa,2024-12-12T04:55:16.409Z,2026-05-19T01:00:53.372Z,Low,RESURFACED
172.67.146.18,portal.shieldsec.com.br,a58e651c-3f59-43d1-bad7-c5955fceb307,HTTP Security Header,112553,Missing 'Cache-Control' Header,1.4,1f213fd2-a841-5c7c-abee-862421c526c0,2026-05-19T01:00:19.805Z,2026-05-19T01:00:19.805Z,Low,NEW
136.143.191.172,shieldsec.zohodesk.com,da0d0e59-02e2-4109-9c7d-995a9f2f1301,HTTP Security Header,114796,Content Security Policy Missing 'Report-To',2.15,1fa15fe9-a149-53e3-8f50-5110989ea857,2026-04-21T01:00:44.638Z,2026-05-19T01:00:53.372Z,Low,ACTIVE
136.143.191.172,shieldsec.zohodesk.com,da0d0e59-02e2-4109-9c7d-995a9f2f1301,HTTP Security Header,98618,HTTP Header Information Disclosure,2.9,1fb8290d-bc42-54e5-bc28-84d608b0a4a9,2024-12-11T18:09:55.191Z,2026-05-19T01:00:53.372Z,Low,RESURFACED
136.143.191.172,shieldsec.zohodesk.com,da0d0e59-02e2-4109-9c7d-995a9f2f1301,HTTP Security Header,112553,Missing 'Cache-Control' Header,1.4,23787c92-b2b0-5617-b382-57f902646582,2026-05-19T01:00:53.372Z,2026-05-19T01:00:53.372Z,Low,NEW
172.67.146.18,portal.shieldsec.com.br,a58e651c-3f59-43d1-bad7-c5955fceb307,HTTP Security Header,98618,HTTP Header Information Disclosure,2.9,25235032-bbf5-5513-b08b-d48bec6c3c24,2026-05-19T01:00:19.805Z,2026-05-19T01:00:19.805Z,Low,NEW
136.143.191.172,shieldsec.zohodesk.com,da0d0e59-02e2-4109-9c7d-995a9f2f1301,HTTP Security Header,98618,HTTP Header Information Disclosure,2.9,25b2da42-64c5-517d-a5e1-5c94ab2d61a1,2025-06-03T04:02:15.756Z,2026-05-19T01:00:53.372Z,Low,RESURFACED
172.67.146.18,portal.shieldsec.com.br,a58e651c-3f59-43d1-bad7-c5955fceb307,HTTP Security Header,98618,HTTP Header Information Disclosure,2.9,261bf59e-6a4c-54ce-b0fc-293466abbe0c,2026-03-17T01:00:12.423Z,2026-05-19T01:00:19.805Z,Low,ACTIVE
172.67.146.18,portal.shieldsec.com.br,a58e651c-3f59-43d1-bad7-c5955fceb307,HTTP Security Header,112529,Missing 'X-Content-Type-Options' Header,2.9,27029685-713e-5480-80d9-0f13c3289c62,2026-05-19T01:00:19.805Z,2026-05-19T01:00:19.805Z,Low,NEW
172.67.146.18,portal.shieldsec.com.br,a58e651c-3f59-43d1-bad7-c5955fceb307,HTTP Security Header,112529,Missing 'X-Content-Type-Options' Header,2.9,2746bdd3-f03f-592c-ba69-102cafbff5a0,2026-05-19T01:00:19.805Z,2026-05-19T01:00:19.805Z,Low,NEW
172.67.146.18,portal.shieldsec.com.br,a58e651c-3f59-43d1-bad7-c5955fceb307,HTTP Security Header,112554,Permissive Content Security Policy Detected,2.15,2870cda9-a211-5c5c-998a-ecf5d7c4ca8a,2026-05-19T01:00:19.805Z,2026-05-19T01:00:19.805Z,Low,NEW
172.67.146.18,portal.shieldsec.com.br,a58e651c-3f59-43d1-bad7-c5955fceb307,HTTP Security Header,112553,Missing 'Cache-Control' Header,1.4,2a99c277-1f80-53c4-a3d4-432c1fcfbb2b,2026-05-19T01:00:19.805Z,2026-05-19T01:00:19.805Z,Low,NEW
172.67.146.18,portal.shieldsec.com.br,a58e651c-3f59-43d1-bad7-c5955fceb307,HTTP Security Header,98060,Missing 'X-Frame-Options' Header,2.15,2c48289f-fdd1-514a-9875-fc41049e8a92,2026-05-19T01:00:19.805Z,2026-05-19T01:00:19.805Z,Low,NEW
172.67.146.18,portal.shieldsec.com.br,a58e651c-3f59-43d1-bad7-c5955fceb307,HTTP Security Header,112529,Missing 'X-Content-Type-Options' Header,2.9,2cc8a128-fe11-500f-bfec-79a6d7c04991,2026-05-19T01:00:19.805Z,2026-05-19T01:00:19.805Z,Low,NEW
172.67.146.18,portal.shieldsec.com.br,a58e651c-3f59-43d1-bad7-c5955fceb307,HTTP Security Header,112553,Missing 'Cache-Control' Header,1.4,2e1b6690-045f-5996-b3bd-9c2ff2ed2f19,2026-03-17T01:00:12.423Z,2026-05-19T01:00:19.805Z,Low,RESURFACED
136.143.191.172,shieldsec.zohodesk.com,da0d0e59-02e2-4109-9c7d-995a9f2f1301,HTTP Security Header,112554,Permissive Content Security Policy Detected,2.15,2e8e3b75-ff5b-5dca-81d3-bfd55fea3c70,2026-05-19T01:00:53.372Z,2026-05-19T01:00:53.372Z,Low,NEW
172.67.146.18,portal.shieldsec.com.br,a58e651c-3f59-43d1-bad7-c5955fceb307,HTTP Security Header,98618,HTTP Header Information Disclosure,2.9,2f3221b1-4bb1-5d30-84e5-8fb61f97c1a4,2026-03-17T01:00:12.423Z,2026-05-19T01:00:19.805Z,Low,ACTIVE
136.143.191.172,shieldsec.zohodesk.com,da0d0e59-02e2-4109-9c7d-995a9f2f1301,HTTP Security Header,112554,Permissive Content Security Policy Detected,2.15,31785b1f-86eb-545f-a552-ac3dbd8a889e,2024-12-11T18:09:55.191Z,2026-05-19T01:00:53.372Z,Low,RESURFACED
172.67.146.18,portal.shieldsec.com.br,a58e651c-3f59-43d1-bad7-c5955fceb307,HTTP Security Header,114796,Content Security Policy Missing 'Report-To',2.15,31bb7f8b-d004-5324-914b-933e55937a3c,2026-05-19T01:00:19.805Z,2026-05-19T01:00:19.805Z,Low,NEW
172.67.146.18,portal.shieldsec.com.br,a58e651c-3f59-43d1-bad7-c5955fceb307,HTTP Security Header,112553,Missing 'Cache-Control' Header,1.4,33e7bf6d-a869-5b6d-a5c0-b394b260fb8b,2026-03-17T01:00:12.423Z,2026-05-19T01:00:19.805Z,Low,RESURFACED
172.67.146.18,portal.shieldsec.com.br,a58e651c-3f59-43d1-bad7-c5955fceb307,HTTP Security Header,112554,Permissive Content Security Policy Detected,2.15,340482e2-4873-5e01-8ce1-f780041befdf,2026-05-19T01:00:19.805Z,2026-05-19T01:00:19.805Z,Low,NEW
136.143.191.172,shieldsec.zohodesk.com,da0d0e59-02e2-4109-9c7d-995a9f2f1301,HTTP Security Header,114796,Content Security Policy Missing 'Report-To',2.15,34557f43-3c5b-5400-a90b-827b79a9db9d,2025-06-03T04:02:15.756Z,2026-05-19T01:00:53.372Z,Low,RESURFACED
136.143.191.172,shieldsec.zohodesk.com,da0d0e59-02e2-4109-9c7d-995a9f2f1301,HTTP Security Header,114796,Content Security Policy Missing 'Report-To',2.15,3522b06b-b76f-5483-8f05-f4ca319834ba,2025-06-03T04:02:15.756Z,2026-05-19T01:00:53.372Z,Low,RESURFACED
172.67.146.18,portal.shieldsec.com.br,a58e651c-3f59-43d1-bad7-c5955fceb307,HTTP Security Header,98060,Missing 'X-Frame-Options' Header,2.15,3558d0cc-63c7-576b-a96b-f3a1ecef509f,2026-05-19T01:00:19.805Z,2026-05-19T01:00:19.805Z,Low,NEW
136.143.191.172,shieldsec.zohodesk.com,da0d0e59-02e2-4109-9c7d-995a9f2f1301,HTTP Security Header,98060,Missing 'X-Frame-Options' Header,2.15,359323ee-abf7-58a1-95e3-f3c143b5ff7c,2025-10-09T04:43:02.732Z,2026-05-19T01:00:53.372Z,Low,RESURFACED
172.67.146.18,portal.shieldsec.com.br,a58e651c-3f59-43d1-bad7-c5955fceb307,HTTP Security Header,98060,Missing 'X-Frame-Options' Header,2.15,375bc2dc-1b63-5b31-8332-1868ee2fb61b,2026-03-17T01:00:12.423Z,2026-05-19T01:00:19.805Z,Low,ACTIVE
172.67.146.18,portal.shieldsec.com.br,a58e651c-3f59-43d1-bad7-c5955fceb307,HTTP Security Header,112553,Missing 'Cache-Control' Header,1.4,39e835c7-e4a2-57cf-addd-c2f51eda9a44,2026-03-17T01:00:12.423Z,2026-05-19T01:00:19.805Z,Low,ACTIVE
136.143.191.172,shieldsec.zohodesk.com,da0d0e59-02e2-4109-9c7d-995a9f2f1301,HTTP Security Header,112554,Permissive Content Security Policy Detected,2.15,3fa41338-a5aa-53b8-9da4-77ccb3ed5eab,2024-12-11T18:09:55.191Z,2026-05-19T01:00:53.372Z,Low,RESURFACED
89.117.7.156,www.shieldsec.com.br,81b1ec98-68e8-433f-8260-d9208540b3c0,HTTP Security Header,115540,Cookie Without SameSite Flag Detected,2.9,40d5cfb4-06f8-5468-bfe4-080f733fb0c8,2026-03-19T01:00:18.964Z,2026-05-21T01:00:24.584Z,Low,ACTIVE
172.67.146.18,portal.shieldsec.com.br,a58e651c-3f59-43d1-bad7-c5955fceb307,HTTP Security Header,98060,Missing 'X-Frame-Options' Header,2.15,4139ac1a-7519-5a7f-916d-063e38781e6c,2026-05-19T01:00:19.805Z,2026-05-19T01:00:19.805Z,Low,NEW
172.67.146.18,portal.shieldsec.com.br,a58e651c-3f59-43d1-bad7-c5955fceb307,HTTP Security Header,98056,Missing HTTP Strict Transport Security Policy,3.25,41d62ec4-ef90-53f6-a87d-bb376587220d,2026-05-19T01:00:19.805Z,2026-05-19T01:00:19.805Z,Medium,NEW
172.67.146.18,portal.shieldsec.com.br,a58e651c-3f59-43d1-bad7-c5955fceb307,HTTP Security Header,98618,HTTP Header Information Disclosure,2.9,43b0cc62-15f5-58f0-a92e-c18936313a2a,2026-05-19T01:00:19.805Z,2026-05-19T01:00:19.805Z,Low,NEW
136.143.191.172,shieldsec.zohodesk.com,da0d0e59-02e2-4109-9c7d-995a9f2f1301,HTTP Security Header,112554,Permissive Content Security Policy Detected,2.15,43cb6167-f4fe-519e-9cf9-5d953e80ae10,2026-05-19T01:00:53.372Z,2026-05-19T01:00:53.372Z,Low,NEW
136.143.191.172,shieldsec.zohodesk.com,da0d0e59-02e2-4109-9c7d-995a9f2f1301,HTTP Security Header,98618,HTTP Header Information Disclosure,2.9,44d26fb4-13c0-575e-8f9f-bd6a59a43006,2025-06-03T04:02:15.756Z,2026-05-19T01:00:53.372Z,Low,RESURFACED
172.67.146.18,portal.shieldsec.com.br,a58e651c-3f59-43d1-bad7-c5955fceb307,HTTP Security Header,98056,Missing HTTP Strict Transport Security Policy,3.25,46164766-289a-523a-aa7f-14ed7d96baf1,2026-05-19T01:00:19.805Z,2026-05-19T01:00:19.805Z,Medium,NEW
172.67.146.18,portal.shieldsec.com.br,a58e651c-3f59-43d1-bad7-c5955fceb307,HTTP Security Header,112529,Missing 'X-Content-Type-Options' Header,2.9,46768f48-a7c8-5af7-b002-15388b8a4021,2026-05-19T01:00:19.805Z,2026-05-19T01:00:19.805Z,Low,NEW
136.143.191.172,shieldsec.zohodesk.com,da0d0e59-02e2-4109-9c7d-995a9f2f1301,Data Exposure,114947,User Enumeration,2.9,48fc1dec-1a5c-5bf2-b988-d45d1fd05fa7,2025-10-09T04:43:02.732Z,2026-05-19T01:00:53.372Z,Medium,RESURFACED
172.67.146.18,portal.shieldsec.com.br,a58e651c-3f59-43d1-bad7-c5955fceb307,HTTP Security Header,98618,HTTP Header Information Disclosure,2.9,49c4ec13-9be1-5420-a83c-0cef7c86d302,2026-03-17T01:00:12.423Z,2026-05-19T01:00:19.805Z,Low,ACTIVE
172.67.146.18,portal.shieldsec.com.br,a58e651c-3f59-43d1-bad7-c5955fceb307,HTTP Security Header,112554,Permissive Content Security Policy Detected,2.15,4adf4f2c-9719-5eca-99da-4ddb09277ed4,2026-05-19T01:00:19.805Z,2026-05-19T01:00:19.805Z,Low,NEW
172.67.146.18,portal.shieldsec.com.br,a58e651c-3f59-43d1-bad7-c5955fceb307,HTTP Security Header,112553,Missing 'Cache-Control' Header,1.4,4caf1f2f-61bb-50f0-b248-58fb147066d3,2026-03-17T01:00:12.423Z,2026-05-19T01:00:19.805Z,Low,RESURFACED
172.67.146.18,portal.shieldsec.com.br,a58e651c-3f59-43d1-bad7-c5955fceb307,HTTP Security Header,98056,Missing HTTP Strict Transport Security Policy,3.25,4cbab5b0-8985-5792-80c8-4b123a032d6a,2026-05-19T01:00:19.805Z,2026-05-19T01:00:19.805Z,Medium,NEW
89.117.7.156,www.shieldsec.com.br,81b1ec98-68e8-433f-8260-d9208540b3c0,HTTP Security Header,98056,Missing HTTP Strict Transport Security Policy,3.25,4ce849e0-e658-464c-8941-f51d6a6bd430,2023-11-12T19:21:56Z,2026-05-28T01:00:19.063Z,Medium,RESURFACED
172.67.146.18,portal.shieldsec.com.br,a58e651c-3f59-43d1-bad7-c5955fceb307,HTTP Security Header,98060,Missing 'X-Frame-Options' Header,2.15,4d5702e4-607a-5023-9c72-557e425ef35d,2026-05-19T01:00:19.805Z,2026-05-19T01:00:19.805Z,Low,NEW
172.67.146.18,portal.shieldsec.com.br,a58e651c-3f59-43d1-bad7-c5955fceb307,HTTP Security Header,112529,Missing 'X-Content-Type-Options' Header,2.9,4dd3ac0a-4ae1-511a-a245-a30f1794ed3e,2026-05-19T01:00:19.805Z,2026-05-19T01:00:19.805Z,Low,NEW
89.117.7.156,www.shieldsec.com.br,81b1ec98-68e8-433f-8260-d9208540b3c0,SSL/TLS,112539,SSL/TLS Weak Cipher Suites Supported,1.4,4fa3cf79-8196-5d41-9429-4103d71d1911,2024-09-27T19:43:44.997Z,2026-05-28T01:00:19.063Z,Low,RESURFACED
172.67.146.18,portal.shieldsec.com.br,a58e651c-3f59-43d1-bad7-c5955fceb307,HTTP Security Header,112553,Missing 'Cache-Control' Header,1.4,5002e6ae-503b-5980-b3e5-d55ab27e888e,2026-03-17T01:00:12.423Z,2026-05-19T01:00:19.805Z,Low,RESURFACED
136.143.191.172,shieldsec.zohodesk.com,da0d0e59-02e2-4109-9c7d-995a9f2f1301,HTTP Security Header,112554,Permissive Content Security Policy Detected,2.15,519750e4-3a48-5bc1-8711-494d62980401,2026-05-19T01:00:53.372Z,2026-05-19T01:00:53.372Z,Low,NEW
136.143.191.172,shieldsec.zohodesk.com,da0d0e59-02e2-4109-9c7d-995a9f2f1301,HTTP Security Header,112554,Permissive Content Security Policy Detected,2.15,52c01da1-da98-5ad9-b34a-ad1858236f26,2025-06-03T04:02:15.756Z,2026-05-19T01:00:53.372Z,Low,RESURFACED
136.143.191.172,shieldsec.zohodesk.com,da0d0e59-02e2-4109-9c7d-995a9f2f1301,HTTP Security Header,112553,Missing 'Cache-Control' Header,1.4,54406999-0208-5b5b-a31e-2cc09c7fc99b,2026-05-19T01:00:53.372Z,2026-05-19T01:00:53.372Z,Low,NEW
172.67.146.18,portal.shieldsec.com.br,a58e651c-3f59-43d1-bad7-c5955fceb307,HTTP Security Header,98056,Missing HTTP Strict Transport Security Policy,3.25,55231ded-4fd2-5369-aabc-3aa9870db07f,2026-05-19T01:00:19.805Z,2026-05-19T01:00:19.805Z,Medium,NEW
136.143.191.172,shieldsec.zohodesk.com,da0d0e59-02e2-4109-9c7d-995a9f2f1301,HTTP Security Header,112554,Permissive Content Security Policy Detected,2.15,56a3bcd7-136f-5fa2-bbb4-44e52506e946,2024-12-11T18:09:55.191Z,2026-05-19T01:00:53.372Z,Low,RESURFACED
136.143.191.172,shieldsec.zohodesk.com,da0d0e59-02e2-4109-9c7d-995a9f2f1301,HTTP Security Header,112554,Permissive Content Security Policy Detected,2.15,58ccc1f4-59b8-56d3-9f9b-e40fb04151ca,2026-05-19T01:00:53.372Z,2026-05-19T01:00:53.372Z,Low,NEW
172.67.146.18,portal.shieldsec.com.br,a58e651c-3f59-43d1-bad7-c5955fceb307,HTTP Security Header,98618,HTTP Header Information Disclosure,2.9,5963001e-eba5-5cf7-bf02-b267c2aab494,2026-05-19T01:00:19.805Z,2026-05-19T01:00:19.805Z,Low,NEW
172.67.146.18,portal.shieldsec.com.br,a58e651c-3f59-43d1-bad7-c5955fceb307,HTTP Security Header,98618,HTTP Header Information Disclosure,2.9,5a24308c-10e8-59dc-a27f-dd6aa65cfbee,2026-03-17T01:00:12.423Z,2026-05-19T01:00:19.805Z,Low,ACTIVE
136.143.191.172,shieldsec.zohodesk.com,da0d0e59-02e2-4109-9c7d-995a9f2f1301,HTTP Security Header,114796,Content Security Policy Missing 'Report-To',2.15,5a50298c-b1ea-5e7c-9f70-2a26738a8e45,2026-05-19T01:00:53.372Z,2026-05-19T01:00:53.372Z,Low,NEW
172.67.146.18,portal.shieldsec.com.br,a58e651c-3f59-43d1-bad7-c5955fceb307,HTTP Security Header,98618,HTTP Header Information Disclosure,2.9,5ca7cb50-fea4-59b7-8e9b-38b7f8b5e145,2026-05-19T01:00:19.805Z,2026-05-19T01:00:19.805Z,Low,NEW
89.117.7.156,www.shieldsec.com.br,81b1ec98-68e8-433f-8260-d9208540b3c0,HTTP Security Header,115540,Cookie Without SameSite Flag Detected,2.9,5d9e2cbc-e8bb-5381-b18f-a34885364839,2026-03-26T01:00:34.595Z,2026-05-21T01:00:24.584Z,Low,ACTIVE
172.67.146.18,portal.shieldsec.com.br,a58e651c-3f59-43d1-bad7-c5955fceb307,HTTP Security Header,112553,Missing 'Cache-Control' Header,1.4,5ee50af8-c6a8-5a95-9d0b-8bc559eee19c,2026-05-19T01:00:19.805Z,2026-05-19T01:00:19.805Z,Low,NEW
172.67.146.18,portal.shieldsec.com.br,a58e651c-3f59-43d1-bad7-c5955fceb307,HTTP Security Header,98060,Missing 'X-Frame-Options' Header,2.15,60cd3a68-a7e0-5975-85cf-7bbd8e33e7c7,2026-05-19T01:00:19.805Z,2026-05-19T01:00:19.805Z,Low,NEW
89.117.7.156,www.shieldsec.com.br,81b1ec98-68e8-433f-8260-d9208540b3c0,HTTP Security Header,115540,Cookie Without SameSite Flag Detected,2.9,623b69ea-70d1-5840-9026-93fee0d95d25,2026-03-19T01:00:18.964Z,2026-05-21T01:00:24.584Z,Low,ACTIVE
136.143.191.172,shieldsec.zohodesk.com,da0d0e59-02e2-4109-9c7d-995a9f2f1301,HTTP Security Header,98618,HTTP Header Information Disclosure,2.9,63be7916-716a-590e-a088-7598a0c9927d,2024-12-11T18:09:55.191Z,2026-05-19T01:00:53.372Z,Low,RESURFACED
89.117.7.156,www.shieldsec.com.br,81b1ec98-68e8-433f-8260-d9208540b3c0,HTTP Security Header,115540,Cookie Without SameSite Flag Detected,2.9,6537b242-5d03-5ebc-8e72-ce18b4521b0c,2026-03-19T01:00:18.964Z,2026-05-21T01:00:24.584Z,Low,ACTIVE
136.143.191.172,shieldsec.zohodesk.com,da0d0e59-02e2-4109-9c7d-995a9f2f1301,HTTP Security Header,114796,Content Security Policy Missing 'Report-To',2.15,65ab3ec7-dd76-5e21-8196-e44d9566716b,2026-05-19T01:00:53.372Z,2026-05-19T01:00:53.372Z,Low,NEW
172.67.146.18,portal.shieldsec.com.br,a58e651c-3f59-43d1-bad7-c5955fceb307,HTTP Security Header,98056,Missing HTTP Strict Transport Security Policy,3.25,69364f25-72d5-58e4-ac57-75a20f325d26,2026-05-19T01:00:19.805Z,2026-05-19T01:00:19.805Z,Medium,NEW
172.67.146.18,portal.shieldsec.com.br,a58e651c-3f59-43d1-bad7-c5955fceb307,HTTP Security Header,98060,Missing 'X-Frame-Options' Header,2.15,694cfe58-5285-5745-bd9e-57f8e2aaf70f,2026-05-19T01:00:19.805Z,2026-05-19T01:00:19.805Z,Low,NEW
172.67.146.18,portal.shieldsec.com.br,a58e651c-3f59-43d1-bad7-c5955fceb307,HTTP Security Header,98060,Missing 'X-Frame-Options' Header,2.15,6a58f551-5a45-51ef-95db-b06b4316fcdd,2026-05-19T01:00:19.805Z,2026-05-19T01:00:19.805Z,Low,NEW
172.67.146.18,portal.shieldsec.com.br,a58e651c-3f59-43d1-bad7-c5955fceb307,HTTP Security Header,112554,Permissive Content Security Policy Detected,2.15,6a6ce057-6168-5bab-85a5-ff542db8c5a2,2026-05-19T01:00:19.805Z,2026-05-19T01:00:19.805Z,Low,NEW
136.143.191.172,shieldsec.zohodesk.com,da0d0e59-02e2-4109-9c7d-995a9f2f1301,HTTP Security Header,114796,Content Security Policy Missing 'Report-To',2.15,6b17eab3-4ea1-5c78-b75b-456e0e68f2d2,2025-10-09T04:43:02.732Z,2026-05-19T01:00:53.372Z,Low,RESURFACED
172.67.146.18,portal.shieldsec.com.br,a58e651c-3f59-43d1-bad7-c5955fceb307,HTTP Security Header,98056,Missing HTTP Strict Transport Security Policy,3.25,6b4790d4-8c92-5dc0-8ca4-4e1cf3ff3c2e,2026-05-19T01:00:19.805Z,2026-05-19T01:00:19.805Z,Medium,NEW
136.143.191.172,shieldsec.zohodesk.com,da0d0e59-02e2-4109-9c7d-995a9f2f1301,HTTP Security Header,98618,HTTP Header Information Disclosure,2.9,6b654796-7bf8-57d3-aacd-53426c852f1f,2024-12-11T18:09:55.191Z,2026-05-19T01:00:53.372Z,Low,RESURFACED
136.143.191.172,shieldsec.zohodesk.com,da0d0e59-02e2-4109-9c7d-995a9f2f1301,HTTP Security Header,112554,Permissive Content Security Policy Detected,2.15,6be0b764-e20e-5d77-8dc2-80af181d8007,2026-04-21T01:00:44.638Z,2026-05-19T01:00:53.372Z,Low,ACTIVE
136.143.191.172,shieldsec.zohodesk.com,da0d0e59-02e2-4109-9c7d-995a9f2f1301,HTTP Security Header,114796,Content Security Policy Missing 'Report-To',2.15,6ddf7381-681c-55a6-8100-aee4d04333d4,2026-05-19T01:00:53.372Z,2026-05-19T01:00:53.372Z,Low,NEW
172.67.146.18,portal.shieldsec.com.br,a58e651c-3f59-43d1-bad7-c5955fceb307,HTTP Security Header,98618,HTTP Header Information Disclosure,2.9,6ee353c9-2e88-5a25-8217-09055840f428,2026-05-19T01:00:19.805Z,2026-05-19T01:00:19.805Z,Low,NEW
136.143.191.172,shieldsec.zohodesk.com,da0d0e59-02e2-4109-9c7d-995a9f2f1301,HTTP Security Header,98063,Cookie Without HttpOnly Flag Detected,1.4,6fcf6ea9-2734-5bce-90c9-cc7833401773,2026-03-10T04:02:03.683Z,2026-05-19T01:00:53.372Z,Low,ACTIVE
89.117.7.156,www.shieldsec.com.br,81b1ec98-68e8-433f-8260-d9208540b3c0,HTTP Security Header,112529,Missing 'X-Content-Type-Options' Header,2.9,70c4c99a-1224-5f86-a884-7c8d369abbfd,2026-04-09T01:00:14.122Z,2026-05-28T01:00:19.063Z,Low,RESURFACED
172.67.146.18,portal.shieldsec.com.br,a58e651c-3f59-43d1-bad7-c5955fceb307,HTTP Security Header,98060,Missing 'X-Frame-Options' Header,2.15,734e2052-e00b-569c-8cbc-6cfdb74c9f82,2026-05-19T01:00:19.805Z,2026-05-19T01:00:19.805Z,Low,NEW
172.67.146.18,portal.shieldsec.com.br,a58e651c-3f59-43d1-bad7-c5955fceb307,HTTP Security Header,112553,Missing 'Cache-Control' Header,1.4,735cb361-0540-59ee-86be-c57a5e17e459,2026-05-19T01:00:19.805Z,2026-05-19T01:00:19.805Z,Low,NEW
136.143.191.172,shieldsec.zohodesk.com,da0d0e59-02e2-4109-9c7d-995a9f2f1301,HTTP Security Header,114796,Content Security Policy Missing 'Report-To',2.15,737a5957-bcff-5e5e-8b18-bd4d54e257ac,2026-05-19T01:00:53.372Z,2026-05-19T01:00:53.372Z,Low,NEW
172.67.146.18,portal.shieldsec.com.br,a58e651c-3f59-43d1-bad7-c5955fceb307,HTTP Security Header,112553,Missing 'Cache-Control' Header,1.4,76122906-cb16-5647-969c-245fe96faf1a,2026-03-17T01:00:12.423Z,2026-05-19T01:00:19.805Z,Low,ACTIVE
172.67.146.18,portal.shieldsec.com.br,a58e651c-3f59-43d1-bad7-c5955fceb307,HTTP Security Header,112553,Missing 'Cache-Control' Header,1.4,76c69d25-fe69-5ace-91f3-8aa2c0b69093,2026-03-17T01:00:12.423Z,2026-05-19T01:00:19.805Z,Low,RESURFACED
136.143.191.172,shieldsec.zohodesk.com,da0d0e59-02e2-4109-9c7d-995a9f2f1301,HTTP Security Header,98618,HTTP Header Information Disclosure,2.9,774c70ee-815c-5c52-bb8e-5372b1e8f6e5,2026-05-19T01:00:53.372Z,2026-05-19T01:00:53.372Z,Low,NEW
172.67.146.18,portal.shieldsec.com.br,a58e651c-3f59-43d1-bad7-c5955fceb307,HTTP Security Header,112553,Missing 'Cache-Control' Header,1.4,7758256d-7102-54dd-ab8d-58ce912b91e2,2026-05-19T01:00:19.805Z,2026-05-19T01:00:19.805Z,Low,NEW
136.143.191.172,shieldsec.zohodesk.com,da0d0e59-02e2-4109-9c7d-995a9f2f1301,HTTP Security Header,98060,Missing 'X-Frame-Options' Header,2.15,7967bdb3-5028-526b-a640-d5a8f763e980,2024-12-12T04:55:16.409Z,2026-05-19T01:00:53.372Z,Low,RESURFACED
136.143.191.172,shieldsec.zohodesk.com,da0d0e59-02e2-4109-9c7d-995a9f2f1301,HTTP Security Header,112553,Missing 'Cache-Control' Header,1.4,7a0a667a-7649-5b9f-ac55-12054aaf87a2,2025-10-09T04:43:02.732Z,2026-05-19T01:00:53.372Z,Low,RESURFACED
136.143.191.172,shieldsec.zohodesk.com,da0d0e59-02e2-4109-9c7d-995a9f2f1301,HTTP Security Header,98618,HTTP Header Information Disclosure,2.9,7a630597-08ee-5573-a7de-6d246acac6eb,2024-12-11T18:09:55.191Z,2026-05-19T01:00:53.372Z,Low,RESURFACED
172.67.146.18,portal.shieldsec.com.br,a58e651c-3f59-43d1-bad7-c5955fceb307,HTTP Security Header,112554,Permissive Content Security Policy Detected,2.15,7aecc72a-0703-5638-8cc5-b21ab0150c9d,2026-05-19T01:00:19.805Z,2026-05-19T01:00:19.805Z,Low,NEW
89.117.7.156,www.shieldsec.com.br,81b1ec98-68e8-433f-8260-d9208540b3c0,HTTP Security Header,98063,Cookie Without HttpOnly Flag Detected,1.4,7b249443-302d-5d39-b16d-af31aa57ccea,2026-03-19T01:00:18.964Z,2026-05-28T01:00:19.063Z,Low,ACTIVE
172.67.146.18,portal.shieldsec.com.br,a58e651c-3f59-43d1-bad7-c5955fceb307,HTTP Security Header,112553,Missing 'Cache-Control' Header,1.4,7b447f3e-dcca-5398-9754-f56b40513c13,2026-05-19T01:00:19.805Z,2026-05-19T01:00:19.805Z,Low,NEW
172.67.146.18,portal.shieldsec.com.br,a58e651c-3f59-43d1-bad7-c5955fceb307,HTTP Security Header,98618,HTTP Header Information Disclosure,2.9,7bff25d8-d895-5d2e-a784-57e17c78bb7b,2026-05-19T01:00:19.805Z,2026-05-19T01:00:19.805Z,Low,NEW
136.143.191.172,shieldsec.zohodesk.com,da0d0e59-02e2-4109-9c7d-995a9f2f1301,HTTP Security Header,98060,Missing 'X-Frame-Options' Header,2.15,7cc98f26-6820-5a27-85a0-252c36c6197c,2025-08-14T01:41:10.934Z,2026-05-19T01:00:53.372Z,Low,RESURFACED
136.143.191.172,shieldsec.zohodesk.com,da0d0e59-02e2-4109-9c7d-995a9f2f1301,HTTP Security Header,98618,HTTP Header Information Disclosure,2.9,7cc9a98d-8d9e-594e-b32a-96951c07bf93,2026-04-21T01:00:44.638Z,2026-05-19T01:00:53.372Z,Low,ACTIVE
172.67.146.18,portal.shieldsec.com.br,a58e651c-3f59-43d1-bad7-c5955fceb307,HTTP Security Header,98056,Missing HTTP Strict Transport Security Policy,3.25,7d1a2f67-a7b0-5b79-827a-1f7f7d8f66df,2026-05-19T01:00:19.805Z,2026-05-19T01:00:19.805Z,Medium,NEW
136.143.191.172,shieldsec.zohodesk.com,da0d0e59-02e2-4109-9c7d-995a9f2f1301,HTTP Security Header,114796,Content Security Policy Missing 'Report-To',2.15,7ecb6a54-bbe7-5e37-996a-75d3089bdf5b,2026-05-19T01:00:53.372Z,2026-05-19T01:00:53.372Z,Low,NEW
136.143.191.172,shieldsec.zohodesk.com,da0d0e59-02e2-4109-9c7d-995a9f2f1301,HTTP Security Header,114796,Content Security Policy Missing 'Report-To',2.15,800931d4-b8d5-5d44-aa94-1c42e0f9d9bf,2025-05-27T04:02:21.406Z,2026-05-19T01:00:53.372Z,Low,RESURFACED
136.143.191.172,shieldsec.zohodesk.com,da0d0e59-02e2-4109-9c7d-995a9f2f1301,HTTP Security Header,98618,HTTP Header Information Disclosure,2.9,8032f8a7-c1cb-5b87-8c56-3f4113b3f210,2024-12-11T18:09:55.191Z,2026-05-19T01:00:53.372Z,Low,RESURFACED
172.67.146.18,portal.shieldsec.com.br,a58e651c-3f59-43d1-bad7-c5955fceb307,HTTP Security Header,98618,HTTP Header Information Disclosure,2.9,81692f55-148a-5644-9634-23aa1795eef5,2026-05-19T01:00:19.805Z,2026-05-19T01:00:19.805Z,Low,NEW
136.143.191.172,shieldsec.zohodesk.com,da0d0e59-02e2-4109-9c7d-995a9f2f1301,Cross Site Request Forgery,113332,Login Form Cross-Site Request Forgery,2.9,820aaca8-2036-5d80-b3e3-ed077dfc42e7,2026-04-21T01:00:44.638Z,2026-05-19T01:00:53.372Z,Low,ACTIVE
136.143.191.172,shieldsec.zohodesk.com,da0d0e59-02e2-4109-9c7d-995a9f2f1301,HTTP Security Header,112529,Missing 'X-Content-Type-Options' Header,2.9,844dd36c-233c-5ce3-b103-9892af710007,2026-05-19T01:00:53.372Z,2026-05-19T01:00:53.372Z,Low,NEW
172.67.146.18,portal.shieldsec.com.br,a58e651c-3f59-43d1-bad7-c5955fceb307,HTTP Security Header,112554,Permissive Content Security Policy Detected,2.15,8730b1fb-8c37-5545-bf3e-4fd6add75791,2026-05-19T01:00:19.805Z,2026-05-19T01:00:19.805Z,Low,NEW
136.143.191.172,shieldsec.zohodesk.com,da0d0e59-02e2-4109-9c7d-995a9f2f1301,HTTP Security Header,98618,HTTP Header Information Disclosure,2.9,89366848-db23-52f0-8ea2-cfc7f0b9b293,2025-10-09T04:43:02.732Z,2026-05-19T01:00:53.372Z,Low,RESURFACED
89.117.7.156,www.shieldsec.com.br,81b1ec98-68e8-433f-8260-d9208540b3c0,HTTP Security Header,112554,Permissive Content Security Policy Detected,2.15,89596133-6acd-57a5-af86-abba6cc3d0f1,2026-04-09T01:00:14.122Z,2026-05-28T01:00:19.063Z,Low,RESURFACED
136.143.191.172,shieldsec.zohodesk.com,da0d0e59-02e2-4109-9c7d-995a9f2f1301,HTTP Security Header,112554,Permissive Content Security Policy Detected,2.15,89e7a3b8-6bbf-5e06-b9f4-93aab7652f3d,2024-12-11T18:09:55.191Z,2026-05-19T01:00:53.372Z,Low,RESURFACED
172.67.146.18,portal.shieldsec.com.br,a58e651c-3f59-43d1-bad7-c5955fceb307,HTTP Security Header,98060,Missing 'X-Frame-Options' Header,2.15,8aeb0b4a-6ed8-5992-b7c2-131ee0590af7,2026-05-19T01:00:19.805Z,2026-05-19T01:00:19.805Z,Low,NEW
136.143.191.172,shieldsec.zohodesk.com,da0d0e59-02e2-4109-9c7d-995a9f2f1301,HTTP Security Header,98618,HTTP Header Information Disclosure,2.9,8b0cad40-8a8d-5ea4-843e-e39a983f9243,2024-12-11T18:09:55.191Z,2026-05-19T01:00:53.372Z,Low,RESURFACED
136.143.191.172,shieldsec.zohodesk.com,da0d0e59-02e2-4109-9c7d-995a9f2f1301,HTTP Security Header,114796,Content Security Policy Missing 'Report-To',2.15,8c093ab2-7b79-52a9-a440-e88a23f0cec5,2025-05-27T04:02:21.406Z,2026-05-19T01:00:53.372Z,Low,RESURFACED
136.143.191.172,shieldsec.zohodesk.com,da0d0e59-02e2-4109-9c7d-995a9f2f1301,HTTP Security Header,112553,Missing 'Cache-Control' Header,1.4,8f2a23d6-2a8e-5f74-b815-2a8425e4c512,2025-08-14T01:41:10.934Z,2026-05-19T01:00:53.372Z,Low,RESURFACED
172.67.146.18,portal.shieldsec.com.br,a58e651c-3f59-43d1-bad7-c5955fceb307,HTTP Security Header,112551,Missing Content Security Policy,2.15,916a172a-06df-5973-8918-4df9dbed9ef8,2026-03-17T01:00:12.423Z,2026-05-19T01:00:19.805Z,Low,ACTIVE
136.143.191.172,shieldsec.zohodesk.com,da0d0e59-02e2-4109-9c7d-995a9f2f1301,HTTP Security Header,112553,Missing 'Cache-Control' Header,1.4,941d5d51-19e6-59e8-b51b-6a0bee30d24e,2026-03-17T01:00:47.027Z,2026-05-19T01:00:53.372Z,Low,ACTIVE
172.67.146.18,portal.shieldsec.com.br,a58e651c-3f59-43d1-bad7-c5955fceb307,HTTP Security Header,112553,Missing 'Cache-Control' Header,1.4,96440bc2-9afc-598e-9444-cf0f9aa3f2cc,2026-05-19T01:00:19.805Z,2026-05-19T01:00:19.805Z,Low,NEW
136.143.191.172,shieldsec.zohodesk.com,da0d0e59-02e2-4109-9c7d-995a9f2f1301,HTTP Security Header,112554,Permissive Content Security Policy Detected,2.15,975a0749-af84-5d31-8cfc-36d3ea0daf43,2025-01-02T02:05:03.174Z,2026-05-19T01:00:53.372Z,Low,RESURFACED
136.143.191.172,shieldsec.zohodesk.com,da0d0e59-02e2-4109-9c7d-995a9f2f1301,HTTP Security Header,112554,Permissive Content Security Policy Detected,2.15,9853c3fc-6f9e-5a73-9db2-53f2776d8313,2024-12-11T18:09:55.191Z,2026-05-19T01:00:53.372Z,Low,RESURFACED
136.143.191.172,shieldsec.zohodesk.com,da0d0e59-02e2-4109-9c7d-995a9f2f1301,HTTP Security Header,114796,Content Security Policy Missing 'Report-To',2.15,992b90ce-10e1-5fb5-a036-cb09975e0b9f,2026-05-19T01:00:53.372Z,2026-05-19T01:00:53.372Z,Low,NEW
172.67.146.18,portal.shieldsec.com.br,a58e651c-3f59-43d1-bad7-c5955fceb307,HTTP Security Header,114796,Content Security Policy Missing 'Report-To',2.15,9a9e6aa7-0c88-5249-9457-f4e6757ec56a,2026-05-19T01:00:19.805Z,2026-05-19T01:00:19.805Z,Low,NEW
136.143.191.172,shieldsec.zohodesk.com,da0d0e59-02e2-4109-9c7d-995a9f2f1301,HTTP Security Header,98618,HTTP Header Information Disclosure,2.9,9af7412f-6803-5249-a103-9b1885b24bec,2024-12-12T04:55:16.409Z,2026-05-19T01:00:53.372Z,Low,RESURFACED
172.67.146.18,portal.shieldsec.com.br,a58e651c-3f59-43d1-bad7-c5955fceb307,HTTP Security Header,98060,Missing 'X-Frame-Options' Header,2.15,9b704040-de5e-5adb-b63b-e284d10f2c90,2026-05-19T01:00:19.805Z,2026-05-19T01:00:19.805Z,Low,NEW
136.143.191.172,shieldsec.zohodesk.com,da0d0e59-02e2-4109-9c7d-995a9f2f1301,HTTP Security Header,98618,HTTP Header Information Disclosure,2.9,9bf5efab-1491-5dfa-8492-ab71199eb42c,2025-05-29T01:45:47.709Z,2026-05-19T01:00:53.372Z,Low,RESURFACED
136.143.191.172,shieldsec.zohodesk.com,da0d0e59-02e2-4109-9c7d-995a9f2f1301,HTTP Security Header,114796,Content Security Policy Missing 'Report-To',2.15,9c497499-a293-5358-ac2d-3d088374a05a,2026-05-19T01:00:53.372Z,2026-05-19T01:00:53.372Z,Low,NEW
172.67.146.18,portal.shieldsec.com.br,a58e651c-3f59-43d1-bad7-c5955fceb307,SSL/TLS,98616,TLS 1.2 Not Supported Protocol,4.95,9e34feb8-217a-545a-889c-0df830a740d5,2026-03-17T01:00:12.423Z,2026-05-19T01:00:19.805Z,Low,ACTIVE
172.67.146.18,portal.shieldsec.com.br,a58e651c-3f59-43d1-bad7-c5955fceb307,HTTP Security Header,98056,Missing HTTP Strict Transport Security Policy,3.25,9f3a671e-666a-5958-a51c-adff77203e21,2026-05-19T01:00:19.805Z,2026-05-19T01:00:19.805Z,Medium,NEW
172.67.146.18,portal.shieldsec.com.br,a58e651c-3f59-43d1-bad7-c5955fceb307,HTTP Security Header,98056,Missing HTTP Strict Transport Security Policy,3.25,9f71652c-9dc4-581a-8950-546250406779,2026-05-19T01:00:19.805Z,2026-05-19T01:00:19.805Z,Medium,NEW
136.143.191.172,shieldsec.zohodesk.com,da0d0e59-02e2-4109-9c7d-995a9f2f1301,HTTP Security Header,114796,Content Security Policy Missing 'Report-To',2.15,a0cac240-ee6e-5f54-a918-16524876c226,2025-05-27T04:02:21.406Z,2026-05-19T01:00:53.372Z,Low,RESURFACED
172.67.146.18,portal.shieldsec.com.br,a58e651c-3f59-43d1-bad7-c5955fceb307,HTTP Security Header,98056,Missing HTTP Strict Transport Security Policy,3.25,a1041bbb-3a6a-5252-af54-1fae6c9aef0f,2026-05-19T01:00:19.805Z,2026-05-19T01:00:19.805Z,Medium,NEW
172.67.146.18,portal.shieldsec.com.br,a58e651c-3f59-43d1-bad7-c5955fceb307,HTTP Security Header,98060,Missing 'X-Frame-Options' Header,2.15,a13590fb-9bfc-518f-968e-70b725e5a774,2026-05-19T01:00:19.805Z,2026-05-19T01:00:19.805Z,Low,NEW
172.67.146.18,portal.shieldsec.com.br,a58e651c-3f59-43d1-bad7-c5955fceb307,HTTP Security Header,98056,Missing HTTP Strict Transport Security Policy,3.25,a1490ba6-3361-595e-a50e-96a8ce57332e,2026-05-19T01:00:19.805Z,2026-05-19T01:00:19.805Z,Medium,NEW
172.67.146.18,portal.shieldsec.com.br,a58e651c-3f59-43d1-bad7-c5955fceb307,HTTP Security Header,98618,HTTP Header Information Disclosure,2.9,a14eb5ee-4b8b-52fc-b98a-c847bc98eb46,2026-05-19T01:00:19.805Z,2026-05-19T01:00:19.805Z,Low,NEW
136.143.191.172,shieldsec.zohodesk.com,da0d0e59-02e2-4109-9c7d-995a9f2f1301,HTTP Security Header,112554,Permissive Content Security Policy Detected,2.15,a193c755-5129-58cf-87dd-d1efe4e4bbbc,2026-05-19T01:00:53.372Z,2026-05-19T01:00:53.372Z,Low,NEW
89.117.7.156,www.shieldsec.com.br,81b1ec98-68e8-433f-8260-d9208540b3c0,HTTP Security Header,115540,Cookie Without SameSite Flag Detected,2.9,a422eaa8-4cf0-5bf7-b21f-88eba333451c,2026-05-21T01:00:24.584Z,2026-05-21T01:00:24.584Z,Low,NEW
136.143.191.172,shieldsec.zohodesk.com,da0d0e59-02e2-4109-9c7d-995a9f2f1301,HTTP Security Header,112553,Missing 'Cache-Control' Header,1.4,a469e333-f8fa-5f4d-a467-931bb0b3eed2,2026-05-19T01:00:53.372Z,2026-05-19T01:00:53.372Z,Low,NEW
136.143.191.172,shieldsec.zohodesk.com,da0d0e59-02e2-4109-9c7d-995a9f2f1301,HTTP Security Header,98060,Missing 'X-Frame-Options' Header,2.15,a4e0f280-acb2-5860-951d-2f952e02eae3,2025-05-29T01:45:47.709Z,2026-05-19T01:00:53.372Z,Low,RESURFACED
172.67.146.18,portal.shieldsec.com.br,a58e651c-3f59-43d1-bad7-c5955fceb307,HTTP Security Header,114796,Content Security Policy Missing 'Report-To',2.15,a679bd51-307f-59aa-90fc-f82ee25564e4,2026-05-19T01:00:19.805Z,2026-05-19T01:00:19.805Z,Low,NEW
89.117.7.156,www.shieldsec.com.br,81b1ec98-68e8-433f-8260-d9208540b3c0,Component Vulnerability,98230,PHP Unsupported Version,6.0,a841117e-099d-5757-9e02-cd1200d1e4c8,2026-01-29T01:32:17.108Z,2026-05-28T01:00:19.063Z,Critical,ACTIVE
172.67.146.18,portal.shieldsec.com.br,a58e651c-3f59-43d1-bad7-c5955fceb307,HTTP Security Header,112554,Permissive Content Security Policy Detected,2.15,a97ca841-0283-5e1f-9c0f-7327944f9c18,2026-05-19T01:00:19.805Z,2026-05-19T01:00:19.805Z,Low,NEW
172.67.146.18,portal.shieldsec.com.br,a58e651c-3f59-43d1-bad7-c5955fceb307,HTTP Security Header,112529,Missing 'X-Content-Type-Options' Header,2.9,aca56f13-6dc9-5629-b644-a1491abd6184,2026-05-19T01:00:19.805Z,2026-05-19T01:00:19.805Z,Low,NEW
172.67.146.18,portal.shieldsec.com.br,a58e651c-3f59-43d1-bad7-c5955fceb307,HTTP Security Header,98618,HTTP Header Information Disclosure,2.9,ad58b6e6-8c9b-5e41-a67d-bc82b2a0d0fb,2026-05-19T01:00:19.805Z,2026-05-19T01:00:19.805Z,Low,NEW
172.67.146.18,portal.shieldsec.com.br,a58e651c-3f59-43d1-bad7-c5955fceb307,HTTP Security Header,98618,HTTP Header Information Disclosure,2.9,ae5909c4-08e1-5672-9b3e-fced5ebd2d83,2026-03-17T01:00:12.423Z,2026-05-19T01:00:19.805Z,Low,ACTIVE
136.143.191.172,shieldsec.zohodesk.com,da0d0e59-02e2-4109-9c7d-995a9f2f1301,HTTP Security Header,112554,Permissive Content Security Policy Detected,2.15,b05e41be-8c77-54ac-87c8-4f499ae8ad05,2026-05-19T01:00:53.372Z,2026-05-19T01:00:53.372Z,Low,NEW
172.67.146.18,portal.shieldsec.com.br,a58e651c-3f59-43d1-bad7-c5955fceb307,HTTP Security Header,98056,Missing HTTP Strict Transport Security Policy,3.25,b0d2d131-8f3d-5578-bc80-91edeb0a6fe6,2026-05-19T01:00:19.805Z,2026-05-19T01:00:19.805Z,Medium,NEW
136.143.191.172,shieldsec.zohodesk.com,da0d0e59-02e2-4109-9c7d-995a9f2f1301,HTTP Security Header,98060,Missing 'X-Frame-Options' Header,2.15,b1de79e4-da02-5917-8f05-43f762c49583,2026-04-21T01:00:44.638Z,2026-05-19T01:00:53.372Z,Low,ACTIVE
136.143.191.172,shieldsec.zohodesk.com,da0d0e59-02e2-4109-9c7d-995a9f2f1301,HTTP Security Header,98060,Missing 'X-Frame-Options' Header,2.15,b6520252-4b5f-55e4-b58d-206a8a16a2fa,2026-04-21T01:00:44.638Z,2026-05-19T01:00:53.372Z,Low,ACTIVE
136.143.191.172,shieldsec.zohodesk.com,da0d0e59-02e2-4109-9c7d-995a9f2f1301,HTTP Security Header,112554,Permissive Content Security Policy Detected,2.15,b7475ce5-e844-5a07-9984-e2f72638fa29,2026-05-19T01:00:53.372Z,2026-05-19T01:00:53.372Z,Low,NEW
136.143.191.172,shieldsec.zohodesk.com,da0d0e59-02e2-4109-9c7d-995a9f2f1301,HTTP Security Header,98060,Missing 'X-Frame-Options' Header,2.15,b8bbce1e-7b0a-512b-95b1-cc52ea62fadf,2024-12-11T18:09:55.191Z,2026-05-19T01:00:53.372Z,Low,RESURFACED
172.67.146.18,portal.shieldsec.com.br,a58e651c-3f59-43d1-bad7-c5955fceb307,HTTP Security Header,98618,HTTP Header Information Disclosure,2.9,bc465a06-f429-5098-adf3-7f6e040741ac,2026-03-17T01:00:12.423Z,2026-05-19T01:00:19.805Z,Low,ACTIVE
172.67.146.18,portal.shieldsec.com.br,a58e651c-3f59-43d1-bad7-c5955fceb307,HTTP Security Header,114796,Content Security Policy Missing 'Report-To',2.15,bd028aad-cd65-55f6-89a0-7228cd208c06,2026-05-19T01:00:19.805Z,2026-05-19T01:00:19.805Z,Low,NEW
172.67.146.18,portal.shieldsec.com.br,a58e651c-3f59-43d1-bad7-c5955fceb307,HTTP Security Header,112553,Missing 'Cache-Control' Header,1.4,bd9e0175-5a8a-52b4-88be-bca8cf51ebbe,2026-05-19T01:00:19.805Z,2026-05-19T01:00:19.805Z,Low,NEW
172.67.146.18,portal.shieldsec.com.br,a58e651c-3f59-43d1-bad7-c5955fceb307,HTTP Security Header,112553,Missing 'Cache-Control' Header,1.4,be778d7e-bee9-5a55-95f3-45d6c1c4d701,2026-05-19T01:00:19.805Z,2026-05-19T01:00:19.805Z,Low,NEW
89.117.7.156,www.shieldsec.com.br,81b1ec98-68e8-433f-8260-d9208540b3c0,HTTP Security Header,98060,Missing 'X-Frame-Options' Header,2.15,bf6e1c5f-d912-58af-bf64-24058b5d6e18,2026-04-09T01:00:14.122Z,2026-05-28T01:00:19.063Z,Low,RESURFACED
136.143.191.172,shieldsec.zohodesk.com,da0d0e59-02e2-4109-9c7d-995a9f2f1301,HTTP Security Header,98060,Missing 'X-Frame-Options' Header,2.15,c038915e-2920-5122-8aca-674da54dda44,2024-12-11T18:09:55.191Z,2026-05-19T01:00:53.372Z,Low,RESURFACED
89.117.7.156,www.shieldsec.com.br,81b1ec98-68e8-433f-8260-d9208540b3c0,SSL/TLS,98617,SSL/TLS Forward Secrecy Cipher Suites Not Supported,4.95,c27212b3-c9ca-5243-b3fd-91f8beb7b800,2024-09-27T19:43:44.997Z,2026-05-28T01:00:19.063Z,Medium,RESURFACED
136.143.191.172,shieldsec.zohodesk.com,da0d0e59-02e2-4109-9c7d-995a9f2f1301,SSL/TLS,112539,SSL/TLS Weak Cipher Suites Supported,1.4,c320ec20-b66a-564a-a020-e257f7e097c6,2024-12-11T18:09:55.191Z,2026-05-19T01:00:53.372Z,Low,ACTIVE
172.67.146.18,portal.shieldsec.com.br,a58e651c-3f59-43d1-bad7-c5955fceb307,HTTP Security Header,98618,HTTP Header Information Disclosure,2.9,c34155f1-27d1-5049-91c2-42830009dd1e,2026-03-17T01:00:12.423Z,2026-05-19T01:00:19.805Z,Low,ACTIVE
136.143.191.172,shieldsec.zohodesk.com,da0d0e59-02e2-4109-9c7d-995a9f2f1301,HTTP Security Header,112554,Permissive Content Security Policy Detected,2.15,c344c813-261c-5bc1-a788-7ee0b44fb04d,2026-04-21T01:00:44.638Z,2026-05-19T01:00:53.372Z,Low,ACTIVE
172.67.146.18,portal.shieldsec.com.br,a58e651c-3f59-43d1-bad7-c5955fceb307,HTTP Security Header,98618,HTTP Header Information Disclosure,2.9,c3b48b71-e440-561e-a3c1-ea34e280627d,2026-03-17T01:00:12.423Z,2026-05-19T01:00:19.805Z,Low,ACTIVE
136.143.191.172,shieldsec.zohodesk.com,da0d0e59-02e2-4109-9c7d-995a9f2f1301,HTTP Security Header,98618,HTTP Header Information Disclosure,2.9,c4e67dd4-8b9e-598d-8bda-aa1dcf377538,2024-12-11T18:09:55.191Z,2026-05-19T01:00:53.372Z,Low,RESURFACED
172.67.146.18,portal.shieldsec.com.br,a58e651c-3f59-43d1-bad7-c5955fceb307,HTTP Security Header,98618,HTTP Header Information Disclosure,2.9,c64fe263-f87f-517a-a23f-13ab8948a474,2026-05-19T01:00:19.805Z,2026-05-19T01:00:19.805Z,Low,NEW
172.67.146.18,portal.shieldsec.com.br,a58e651c-3f59-43d1-bad7-c5955fceb307,HTTP Security Header,112553,Missing 'Cache-Control' Header,1.4,c6f09085-21d7-5706-b594-111afcf63019,2026-05-19T01:00:19.805Z,2026-05-19T01:00:19.805Z,Low,NEW
172.67.146.18,portal.shieldsec.com.br,a58e651c-3f59-43d1-bad7-c5955fceb307,HTTP Security Header,98618,HTTP Header Information Disclosure,2.9,c7115dfd-f1a3-54d3-b764-d3846c20d6b6,2026-03-17T01:00:12.423Z,2026-05-19T01:00:19.805Z,Low,ACTIVE
136.143.191.172,shieldsec.zohodesk.com,da0d0e59-02e2-4109-9c7d-995a9f2f1301,HTTP Security Header,98618,HTTP Header Information Disclosure,2.9,c88f33ad-e506-5954-bcb6-8dcde5f48864,2024-12-11T18:09:55.191Z,2026-05-19T01:00:53.372Z,Low,RESURFACED
89.117.7.156,www.shieldsec.com.br,81b1ec98-68e8-433f-8260-d9208540b3c0,HTTP Security Header,115540,Cookie Without SameSite Flag Detected,2.9,c913bc1c-89d8-5fd5-866e-e1869429a523,2026-03-19T01:00:18.964Z,2026-05-21T01:00:24.584Z,Low,ACTIVE
172.67.146.18,portal.shieldsec.com.br,a58e651c-3f59-43d1-bad7-c5955fceb307,HTTP Security Header,114796,Content Security Policy Missing 'Report-To',2.15,c9688680-a6d6-5490-96ba-614c4af465c3,2026-05-19T01:00:19.805Z,2026-05-19T01:00:19.805Z,Low,NEW
136.143.191.172,shieldsec.zohodesk.com,da0d0e59-02e2-4109-9c7d-995a9f2f1301,HTTP Security Header,98056,Missing HTTP Strict Transport Security Policy,3.25,ca1844ec-6eb5-5e14-8148-75a379e8fedf,2026-05-19T01:00:53.372Z,2026-05-19T01:00:53.372Z,Medium,NEW
172.67.146.18,portal.shieldsec.com.br,a58e651c-3f59-43d1-bad7-c5955fceb307,HTTP Security Header,112529,Missing 'X-Content-Type-Options' Header,2.9,cbb13015-00c1-5993-80f3-206058523fde,2026-05-19T01:00:19.805Z,2026-05-19T01:00:19.805Z,Low,NEW
172.67.146.18,portal.shieldsec.com.br,a58e651c-3f59-43d1-bad7-c5955fceb307,HTTP Security Header,112553,Missing 'Cache-Control' Header,1.4,cbe456c0-d878-5456-b57c-d9ed81ecb1fe,2026-03-17T01:00:12.423Z,2026-05-19T01:00:19.805Z,Low,RESURFACED
89.117.7.156,www.shieldsec.com.br,81b1ec98-68e8-433f-8260-d9208540b3c0,HTTP Security Header,98056,Missing HTTP Strict Transport Security Policy,3.25,cd6569a9-ad30-565b-92e5-849bb60dd878,2026-03-19T01:00:18.964Z,2026-05-28T01:00:19.063Z,Medium,RESURFACED
136.143.191.172,shieldsec.zohodesk.com,da0d0e59-02e2-4109-9c7d-995a9f2f1301,HTTP Security Header,98063,Cookie Without HttpOnly Flag Detected,1.4,cdb10839-e693-5d5a-bf17-aa7f99a09738,2024-12-11T18:09:55.191Z,2026-05-19T01:00:53.372Z,Low,ACTIVE
172.67.146.18,portal.shieldsec.com.br,a58e651c-3f59-43d1-bad7-c5955fceb307,HTTP Security Header,112553,Missing 'Cache-Control' Header,1.4,ce2cf1d5-8a0a-5725-8b70-ca81e4a3dcaa,2026-05-19T01:00:19.805Z,2026-05-19T01:00:19.805Z,Low,NEW
172.67.146.18,portal.shieldsec.com.br,a58e651c-3f59-43d1-bad7-c5955fceb307,HTTP Security Header,112529,Missing 'X-Content-Type-Options' Header,2.9,cf2de2c7-6666-50e7-bf3c-4bd495cb0b19,2026-05-19T01:00:19.805Z,2026-05-19T01:00:19.805Z,Low,NEW
136.143.191.172,shieldsec.zohodesk.com,da0d0e59-02e2-4109-9c7d-995a9f2f1301,HTTP Security Header,112554,Permissive Content Security Policy Detected,2.15,cf76b433-154d-5bcb-9486-af7a1d7edc49,2026-05-19T01:00:53.372Z,2026-05-19T01:00:53.372Z,Low,NEW
172.67.146.18,portal.shieldsec.com.br,a58e651c-3f59-43d1-bad7-c5955fceb307,HTTP Security Header,98618,HTTP Header Information Disclosure,2.9,d07e0d35-4135-5d8a-ba69-987804a7db41,2026-03-17T01:00:12.423Z,2026-05-19T01:00:19.805Z,Low,ACTIVE
136.143.191.172,shieldsec.zohodesk.com,da0d0e59-02e2-4109-9c7d-995a9f2f1301,HTTP Security Header,112554,Permissive Content Security Policy Detected,2.15,d162dd8e-ff93-58aa-8e9a-8d750cf6e1a8,2024-12-11T18:09:55.191Z,2026-05-19T01:00:53.372Z,Low,RESURFACED
136.143.191.172,shieldsec.zohodesk.com,da0d0e59-02e2-4109-9c7d-995a9f2f1301,HTTP Security Header,112553,Missing 'Cache-Control' Header,1.4,d195decf-36d3-5ec5-bbf7-51e902b83165,2026-05-19T01:00:53.372Z,2026-05-19T01:00:53.372Z,Low,NEW
172.67.146.18,portal.shieldsec.com.br,a58e651c-3f59-43d1-bad7-c5955fceb307,HTTP Security Header,98618,HTTP Header Information Disclosure,2.9,d1d51ded-5110-5bc9-99f7-e31b7b149783,2026-05-19T01:00:19.805Z,2026-05-19T01:00:19.805Z,Low,NEW
172.67.146.18,portal.shieldsec.com.br,a58e651c-3f59-43d1-bad7-c5955fceb307,HTTP Security Header,98063,Cookie Without HttpOnly Flag Detected,1.4,d35bc0ed-a42c-565d-a122-61a6878cf914,2026-05-19T01:00:19.805Z,2026-05-19T01:00:19.805Z,Low,NEW
136.143.191.172,shieldsec.zohodesk.com,da0d0e59-02e2-4109-9c7d-995a9f2f1301,HTTP Security Header,114796,Content Security Policy Missing 'Report-To',2.15,d5a801da-78ce-5eb9-9adf-cb2fe387bca3,2025-05-27T04:02:21.406Z,2026-05-19T01:00:53.372Z,Low,RESURFACED
172.67.146.18,portal.shieldsec.com.br,a58e651c-3f59-43d1-bad7-c5955fceb307,HTTP Security Header,98056,Missing HTTP Strict Transport Security Policy,3.25,d5ad2105-85ce-5f22-a190-6b94657289df,2026-05-19T01:00:19.805Z,2026-05-19T01:00:19.805Z,Medium,NEW
136.143.191.172,shieldsec.zohodesk.com,da0d0e59-02e2-4109-9c7d-995a9f2f1301,HTTP Security Header,114796,Content Security Policy Missing 'Report-To',2.15,d5db1917-1034-5430-8eb0-649d9d9c63fc,2025-05-27T04:02:21.406Z,2026-05-19T01:00:53.372Z,Low,RESURFACED
136.143.191.172,shieldsec.zohodesk.com,da0d0e59-02e2-4109-9c7d-995a9f2f1301,HTTP Security Header,114796,Content Security Policy Missing 'Report-To',2.15,d8e3fb93-ef01-51b0-b865-656ee0330027,2026-03-12T01:00:12.444Z,2026-05-19T01:00:53.372Z,Low,ACTIVE
172.67.146.18,portal.shieldsec.com.br,a58e651c-3f59-43d1-bad7-c5955fceb307,HTTP Security Header,98056,Missing HTTP Strict Transport Security Policy,3.25,d96b9cb3-261f-59a5-95a5-fa718d681f3f,2026-05-19T01:00:19.805Z,2026-05-19T01:00:19.805Z,Medium,NEW
136.143.191.172,shieldsec.zohodesk.com,da0d0e59-02e2-4109-9c7d-995a9f2f1301,HTTP Security Header,98060,Missing 'X-Frame-Options' Header,2.15,d9d0fd05-33c7-531c-a3b1-832d23419ed7,2026-05-19T01:00:53.372Z,2026-05-19T01:00:53.372Z,Low,NEW
172.67.146.18,portal.shieldsec.com.br,a58e651c-3f59-43d1-bad7-c5955fceb307,HTTP Security Header,98060,Missing 'X-Frame-Options' Header,2.15,dc357cde-22a9-58b7-856f-2007361cdb5a,2026-05-19T01:00:19.805Z,2026-05-19T01:00:19.805Z,Low,NEW
172.67.146.18,portal.shieldsec.com.br,a58e651c-3f59-43d1-bad7-c5955fceb307,HTTP Security Header,114796,Content Security Policy Missing 'Report-To',2.15,df055997-0e78-531b-8daf-d71f20918c0c,2026-05-19T01:00:19.805Z,2026-05-19T01:00:19.805Z,Low,NEW
136.143.191.172,shieldsec.zohodesk.com,da0d0e59-02e2-4109-9c7d-995a9f2f1301,HTTP Security Header,114796,Content Security Policy Missing 'Report-To',2.15,df5839bf-b703-5527-b74a-767545e6999b,2025-05-27T04:02:21.406Z,2026-05-19T01:00:53.372Z,Low,RESURFACED
136.143.191.172,shieldsec.zohodesk.com,da0d0e59-02e2-4109-9c7d-995a9f2f1301,HTTP Security Header,112554,Permissive Content Security Policy Detected,2.15,df5f2558-256e-5b5e-b657-c4a8119e69d7,2025-10-09T04:43:02.732Z,2026-05-19T01:00:53.372Z,Low,RESURFACED
136.143.191.172,shieldsec.zohodesk.com,da0d0e59-02e2-4109-9c7d-995a9f2f1301,HTTP Security Header,98618,HTTP Header Information Disclosure,2.9,e23ad51d-8f76-593a-a4c8-577159b996c7,2026-05-19T01:00:53.372Z,2026-05-19T01:00:53.372Z,Low,NEW
136.143.191.172,shieldsec.zohodesk.com,da0d0e59-02e2-4109-9c7d-995a9f2f1301,HTTP Security Header,115540,Cookie Without SameSite Flag Detected,2.9,e2945fb9-8018-53d9-931f-6f0e4dfc765b,2026-03-10T04:02:03.683Z,2026-05-19T01:00:53.372Z,Low,ACTIVE
172.67.146.18,portal.shieldsec.com.br,a58e651c-3f59-43d1-bad7-c5955fceb307,HTTP Security Header,98618,HTTP Header Information Disclosure,2.9,e4bc5f10-a2e0-53df-8cdf-eec891f7349f,2026-05-19T01:00:19.805Z,2026-05-19T01:00:19.805Z,Low,NEW
136.143.191.172,shieldsec.zohodesk.com,da0d0e59-02e2-4109-9c7d-995a9f2f1301,HTTP Security Header,98060,Missing 'X-Frame-Options' Header,2.15,e4e1de30-3eb6-5963-acd2-994618036495,2024-12-11T18:09:55.191Z,2026-05-19T01:00:53.372Z,Low,RESURFACED
136.143.191.172,shieldsec.zohodesk.com,da0d0e59-02e2-4109-9c7d-995a9f2f1301,HTTP Security Header,98618,HTTP Header Information Disclosure,2.9,e59d8b94-d61c-51f8-aab0-922298e9124c,2024-12-11T18:09:55.191Z,2026-05-19T01:00:53.372Z,Low,RESURFACED
172.67.146.18,portal.shieldsec.com.br,a58e651c-3f59-43d1-bad7-c5955fceb307,HTTP Security Header,112553,Missing 'Cache-Control' Header,1.4,e62f80d1-0352-5c3a-86de-7ca7ba1fc068,2026-03-17T01:00:12.423Z,2026-05-19T01:00:19.805Z,Low,ACTIVE
172.67.146.18,portal.shieldsec.com.br,a58e651c-3f59-43d1-bad7-c5955fceb307,HTTP Security Header,98618,HTTP Header Information Disclosure,2.9,e7791f06-9661-5875-9cc8-e1c7642baff3,2026-05-19T01:00:19.805Z,2026-05-19T01:00:19.805Z,Low,NEW
52.97.34.136,autodiscover.outlook.com,8738c06a-b6ec-49cc-b528-c1bb5fe5125e,SSL/TLS,112543,HTTPS Not Detected,5.95,e79da3f1-316a-56d3-82c6-2f663398f4a6,2024-12-12T02:04:16.959Z,2026-05-28T01:00:12.086Z,High,ACTIVE
136.143.191.172,shieldsec.zohodesk.com,da0d0e59-02e2-4109-9c7d-995a9f2f1301,HTTP Security Header,114796,Content Security Policy Missing 'Report-To',2.15,e7bb6cc1-2323-5c5f-8623-fdebed98229d,2025-05-27T04:02:21.406Z,2026-05-19T01:00:53.372Z,Low,RESURFACED
136.143.191.172,shieldsec.zohodesk.com,da0d0e59-02e2-4109-9c7d-995a9f2f1301,HTTP Security Header,112551,Missing Content Security Policy,2.15,e7c7ca0c-0c5c-5597-9596-099af97d4c89,2025-10-09T04:43:02.732Z,2026-05-19T01:00:53.372Z,Low,RESURFACED
136.143.191.172,shieldsec.zohodesk.com,da0d0e59-02e2-4109-9c7d-995a9f2f1301,HTTP Security Header,98060,Missing 'X-Frame-Options' Header,2.15,eb62d2ac-e625-592f-a662-de9a68f98a19,2024-12-11T18:09:55.191Z,2026-05-19T01:00:53.372Z,Low,RESURFACED
136.143.191.172,shieldsec.zohodesk.com,da0d0e59-02e2-4109-9c7d-995a9f2f1301,HTTP Security Header,114796,Content Security Policy Missing 'Report-To',2.15,ed498a1d-9bbe-54fd-9955-2f249dd8fb62,2026-05-19T01:00:53.372Z,2026-05-19T01:00:53.372Z,Low,NEW
172.67.146.18,portal.shieldsec.com.br,a58e651c-3f59-43d1-bad7-c5955fceb307,HTTP Security Header,98060,Missing 'X-Frame-Options' Header,2.15,ee2d0fd8-c61d-5e71-bb16-ec8abe3000d2,2026-05-19T01:00:19.805Z,2026-05-19T01:00:19.805Z,Low,NEW
89.117.7.156,www.shieldsec.com.br,81b1ec98-68e8-433f-8260-d9208540b3c0,HTTP Security Header,112553,Missing 'Cache-Control' Header,1.4,ee2ee246-98ac-50c3-943e-8394ea94df15,2026-04-09T01:00:14.122Z,2026-05-28T01:00:19.063Z,Low,RESURFACED
172.67.146.18,portal.shieldsec.com.br,a58e651c-3f59-43d1-bad7-c5955fceb307,HTTP Security Header,112554,Permissive Content Security Policy Detected,2.15,efc010e4-cdb0-5fa8-8ea4-65182425ece5,2026-05-19T01:00:19.805Z,2026-05-19T01:00:19.805Z,Low,NEW
136.143.191.172,shieldsec.zohodesk.com,da0d0e59-02e2-4109-9c7d-995a9f2f1301,HTTP Security Header,98618,HTTP Header Information Disclosure,2.9,f00ea8c1-90cb-5b54-9e49-3f8cc58c5748,2025-06-03T04:02:15.756Z,2026-05-19T01:00:53.372Z,Low,RESURFACED
172.67.146.18,portal.shieldsec.com.br,a58e651c-3f59-43d1-bad7-c5955fceb307,HTTP Security Header,112553,Missing 'Cache-Control' Header,1.4,f02328c5-5126-502b-aaa4-caab48d3c2f4,2026-03-17T01:00:12.423Z,2026-05-19T01:00:19.805Z,Low,RESURFACED
136.143.191.172,shieldsec.zohodesk.com,da0d0e59-02e2-4109-9c7d-995a9f2f1301,SSL/TLS,98617,SSL/TLS Forward Secrecy Cipher Suites Not Supported,4.95,f16f9a94-1978-5a52-895f-a1e6683511a3,2024-12-11T18:09:55.191Z,2026-05-19T01:00:53.372Z,Medium,RESURFACED
136.143.191.172,shieldsec.zohodesk.com,da0d0e59-02e2-4109-9c7d-995a9f2f1301,HTTP Security Header,112554,Permissive Content Security Policy Detected,2.15,f18e7d09-5243-5f95-b27e-cbfeb000eed9,2024-12-11T18:09:55.191Z,2026-05-19T01:00:53.372Z,Low,RESURFACED
136.143.191.172,shieldsec.zohodesk.com,da0d0e59-02e2-4109-9c7d-995a9f2f1301,HTTP Security Header,114796,Content Security Policy Missing 'Report-To',2.15,f1bfa060-8623-5e20-b1e9-b2643a1c56d0,2025-06-03T04:02:15.756Z,2026-05-19T01:00:53.372Z,Low,RESURFACED
172.67.146.18,portal.shieldsec.com.br,a58e651c-3f59-43d1-bad7-c5955fceb307,HTTP Security Header,114796,Content Security Policy Missing 'Report-To',2.15,f33b5b97-f02c-58fb-96e5-372e34bf45ad,2026-05-19T01:00:19.805Z,2026-05-19T01:00:19.805Z,Low,NEW
136.143.191.172,shieldsec.zohodesk.com,da0d0e59-02e2-4109-9c7d-995a9f2f1301,HTTP Security Header,114796,Content Security Policy Missing 'Report-To',2.15,f39ad7ac-68e2-54e2-ad84-362ee0e98469,2026-04-21T01:00:44.638Z,2026-05-19T01:00:53.372Z,Low,ACTIVE
136.143.191.172,shieldsec.zohodesk.com,da0d0e59-02e2-4109-9c7d-995a9f2f1301,Injection,98623,Host Header Injection,3.9,f516b662-3504-54af-8f15-576b31953441,2026-05-19T01:00:53.372Z,2026-05-19T01:00:53.372Z,Medium,NEW
136.143.191.172,shieldsec.zohodesk.com,da0d0e59-02e2-4109-9c7d-995a9f2f1301,HTTP Security Header,114796,Content Security Policy Missing 'Report-To',2.15,f69a84bf-a140-5477-99a2-6b193049e880,2026-05-19T01:00:53.372Z,2026-05-19T01:00:53.372Z,Low,NEW
136.143.191.172,shieldsec.zohodesk.com,da0d0e59-02e2-4109-9c7d-995a9f2f1301,HTTP Security Header,112554,Permissive Content Security Policy Detected,2.15,f6c8eb75-704c-5b38-a51d-e19438584cda,2026-03-12T01:00:12.444Z,2026-05-19T01:00:53.372Z,Low,RESURFACED
172.67.146.18,portal.shieldsec.com.br,a58e651c-3f59-43d1-bad7-c5955fceb307,HTTP Security Header,98060,Missing 'X-Frame-Options' Header,2.15,f9996cef-c5e8-5a4d-8eca-b8b9a3936f5d,2026-05-19T01:00:19.805Z,2026-05-19T01:00:19.805Z,Low,NEW
172.67.146.18,portal.shieldsec.com.br,a58e651c-3f59-43d1-bad7-c5955fceb307,HTTP Security Header,98618,HTTP Header Information Disclosure,2.9,fa6fc8c7-1524-5259-830d-7bd5f2f42899,2026-03-17T01:00:12.423Z,2026-05-19T01:00:19.805Z,Low,ACTIVE
136.143.191.172,shieldsec.zohodesk.com,da0d0e59-02e2-4109-9c7d-995a9f2f1301,HTTP Security Header,112554,Permissive Content Security Policy Detected,2.15,faaab39d-c947-5171-9077-852cb9849e8a,2026-05-19T01:00:53.372Z,2026-05-19T01:00:53.372Z,Low,NEW
172.67.146.18,portal.shieldsec.com.br,a58e651c-3f59-43d1-bad7-c5955fceb307,HTTP Security Header,112529,Missing 'X-Content-Type-Options' Header,2.9,fbd018aa-9ff9-5c9e-9028-ab20e04a234c,2026-05-19T01:00:19.805Z,2026-05-19T01:00:19.805Z,Low,NEW
136.143.191.172,shieldsec.zohodesk.com,da0d0e59-02e2-4109-9c7d-995a9f2f1301,HTTP Security Header,115540,Cookie Without SameSite Flag Detected,2.9,fc812dd5-369e-5433-bbea-1709e73a5506,2024-12-11T18:09:55.191Z,2026-05-19T01:00:53.372Z,Low,ACTIVE
172.67.146.18,portal.shieldsec.com.br,a58e651c-3f59-43d1-bad7-c5955fceb307,HTTP Security Header,112529,Missing 'X-Content-Type-Options' Header,2.9,fd0ea9b3-aa77-56e4-bedf-7e9ec0780b56,2026-05-19T01:00:19.805Z,2026-05-19T01:00:19.805Z,Low,NEW
136.143.191.172,shieldsec.zohodesk.com,da0d0e59-02e2-4109-9c7d-995a9f2f1301,HTTP Security Header,112554,Permissive Content Security Policy Detected,2.15,ff78890e-96b4-5d56-a9f0-27bea1c0d79e,2026-03-17T01:00:47.027Z,2026-05-19T01:00:53.372Z,Low,ACTIVE
136.143.191.172,shieldsec.zohodesk.com,da0d0e59-02e2-4109-9c7d-995a9f2f1301,HTTP Security Header,114796,Content Security Policy Missing 'Report-To',2.15,ffe657ae-439b-552c-9859-bd641c260ac7,2026-05-19T01:00:53.372Z,2026-05-19T01:00:53.372Z,Low,NEW
